[{"outputType":{"type":"APK"},"apkInfo":{"type":"FULL_SPLIT","splits":[{"filterType":"ABI","value":"x86"}],"versionCode":1,"versionName":"1.0","enabled":true,"filterName":"x86","outputFile":"app-x86-debug.apk","fullName":"x86Debug","baseName":"x86-debug"},"path":"app-x86-debug.apk","properties":{}},{"outputType":{"type":"APK"},"apkInfo":{"type":"FULL_SPLIT","splits":[{"filterType":"ABI","value":"armeabi-v7a"}],"versionCode":1,"versionName":"1.0","enabled":true,"filterName":"armeabi-v7a","outputFile":"app-armeabi-v7a-debug.apk","fullName":"armeabi-v7aDebug","baseName":"armeabi-v7a-debug"},"path":"app-armeabi-v7a-debug.apk","properties":{}},{"outputType":{"type":"APK"},"apkInfo":{"type":"FULL_SPLIT","splits":[],"versionCode":1,"versionName":"1.0","enabled":true,"filterName":"universal","outputFile":"app-universal-debug.apk","fullName":"universalDebug","baseName":"universal-debug"},"path":"app-universal-debug.apk","properties":{}},{"outputType":{"type":"APK"},"apkInfo":{"type":"FULL_SPLIT","splits":[{"filterType":"ABI","value":"arm64-v8a"}],"versionCode":1,"versionName":"1.0","enabled":true,"filterName":"arm64-v8a","outputFile":"app-arm64-v8a-debug.apk","fullName":"arm64-v8aDebug","baseName":"arm64-v8a-debug"},"path":"app-arm64-v8a-debug.apk","properties":{}},{"outputType":{"type":"APK"},"apkInfo":{"type":"FULL_SPLIT","splits":[{"filterType":"ABI","value":"x86_64"}],"versionCode":1,"versionName":"1.0","enabled":true,"filterName":"x86_64","outputFile":"app-x86_64-debug.apk","fullName":"x86_64Debug","baseName":"x86_64-debug"},"path":"app-x86_64-debug.apk","properties":{}}]